{
    "NVDA": -6.095658968538167,
    "GOOG": -1.8626565814702043,
    "SPY": 22.416310932907983,
    "QQQ": 14.649481299018644,
    "SPOT": 10.127707169952602,
    "GLD": 22.484752238932895,
    "JPM": 13.321440620074764,
    "LMT": 24.03602843035783,
    "MSTR": -3.886869180884182,
    "UNH": 4.809464039647808
}