{
    "NVDA": -7.61381830570091,
    "GOOG": -2.2316881316204324,
    "SPY": 19.675910212245533,
    "QQQ": 9.529596019898285,
    "SPOT": 13.992352323867664,
    "GLD": 22.665161468470718,
    "JPM": 19.293806176106514,
    "LMT": 26.35777081484372,
    "MSTR": -5.868048084579282,
    "UNH": 4.198957506468211
}